,Unnamed: 0.1,Unnamed: 0,channels,srate,safe,mode,decimate
0,0,0,L1:LSC-MCL_IN1_DQ,16384,safe,clean,64
1,1,1,L1:LSC-MCL_OUT_DQ,16384,safe,clean,64
2,2,2,L1:LSC-MICH_IN1_DQ,16384,safe,clean,64
3,3,3,L1:LSC-MICH_OUT_DQ,16384,safe,clean,64
4,4,4,L1:LSC-POPAIR_B_RF90_I_ERR_DQ,2048,safe,clean,32
5,5,5,L1:LSC-POP_A_LF_OUT_DQ,16384,safe,clean,64
6,6,6,L1:LSC-POP_A_RF45_I_ERR_DQ,2048,safe,clean,32
7,7,7,L1:LSC-POP_A_RF45_Q_ERR_DQ,2048,safe,clean,32
8,8,8,L1:LSC-POP_A_RF9_I_ERR_DQ,2048,safe,clean,32
9,9,9,L1:LSC-POP_A_RF9_Q_ERR_DQ,2048,safe,clean,32
10,10,10,L1:LSC-PRCL_IN1_DQ,16384,safe,clean,64
11,11,11,L1:LSC-PRCL_OUT_DQ,16384,safe,clean,64
12,12,12,L1:LSC-REFL_A_LF_OUT_DQ,16384,safe,clean,64
13,13,13,L1:LSC-REFL_A_RF45_I_ERR_DQ,2048,safe,clean,32
14,14,14,L1:LSC-REFL_A_RF45_Q_ERR_DQ,2048,safe,clean,32
15,15,15,L1:LSC-REFL_A_RF9_I_ERR_DQ,2048,safe,clean,32
16,16,16,L1:LSC-REFL_A_RF9_Q_ERR_DQ,2048,safe,clean,32
17,17,17,L1:LSC-REFL_SERVO_CTRL_OUT_DQ,16384,safe,clean,64
18,18,18,L1:LSC-REFL_SERVO_ERR_OUT_DQ,16384,safe,clean,64
19,19,19,L1:LSC-SRCL_IN1_DQ,16384,safe,clean,64
20,20,20,L1:LSC-SRCL_OUT_DQ,16384,safe,clean,64
21,21,21,L1:ALS-C_TRX_A_LF_OUT_DQ,2048,safe,clean,32
22,22,22,L1:ALS-C_TRY_A_LF_OUT_DQ,2048,safe,clean,32
23,23,23,L1:ASC-AS_A_DC_PIT_OUT_DQ,2048,safe,clean,32
24,24,24,L1:ASC-AS_A_DC_YAW_OUT_DQ,2048,safe,clean,32
25,25,25,L1:ASC-AS_A_RF36_I_PIT_OUT_DQ,2048,safe,clean,32
26,26,26,L1:ASC-AS_A_RF36_I_YAW_OUT_DQ,2048,safe,clean,32
27,27,27,L1:ASC-AS_A_RF36_Q_PIT_OUT_DQ,2048,safe,clean,32
28,28,28,L1:ASC-AS_A_RF36_Q_YAW_OUT_DQ,2048,safe,clean,32
29,29,29,L1:ASC-AS_B_DC_PIT_OUT_DQ,2048,safe,clean,32
30,30,30,L1:ASC-AS_B_DC_YAW_OUT_DQ,2048,safe,clean,32
31,31,31,L1:ASC-AS_B_RF36_I_PIT_OUT_DQ,2048,safe,clean,32
32,32,32,L1:ASC-AS_B_RF36_I_YAW_OUT_DQ,2048,safe,clean,32
33,33,33,L1:ASC-AS_B_RF36_Q_PIT_OUT_DQ,2048,safe,clean,32
34,34,34,L1:ASC-AS_B_RF36_Q_YAW_OUT_DQ,2048,safe,clean,32
35,35,35,L1:ASC-REFL_A_DC_PIT_OUT_DQ,2048,safe,clean,32
36,36,36,L1:ASC-REFL_A_DC_SUM_OUT_DQ,2048,safe,clean,32
37,37,37,L1:ASC-REFL_A_DC_YAW_OUT_DQ,2048,safe,clean,32
38,38,38,L1:ASC-REFL_A_RF45_I_PIT_OUT_DQ,2048,safe,clean,32
39,39,39,L1:ASC-REFL_A_RF45_I_YAW_OUT_DQ,2048,safe,clean,32
40,40,40,L1:ASC-REFL_A_RF45_Q_PIT_OUT_DQ,2048,safe,clean,32
41,41,41,L1:ASC-REFL_A_RF45_Q_YAW_OUT_DQ,2048,safe,clean,32
42,42,42,L1:ASC-REFL_A_RF9_I_PIT_OUT_DQ,2048,safe,clean,32
43,43,43,L1:ASC-REFL_A_RF9_I_YAW_OUT_DQ,2048,safe,clean,32
44,44,44,L1:ASC-REFL_A_RF9_Q_PIT_OUT_DQ,2048,safe,clean,32
45,45,45,L1:ASC-REFL_A_RF9_Q_YAW_OUT_DQ,2048,safe,clean,32
46,46,46,L1:ASC-REFL_B_DC_PIT_OUT_DQ,2048,safe,clean,32
47,47,47,L1:ASC-REFL_B_DC_SUM_OUT_DQ,2048,safe,clean,32
48,48,48,L1:ASC-REFL_B_DC_YAW_OUT_DQ,2048,safe,clean,32
49,49,49,L1:ASC-REFL_B_RF45_I_PIT_OUT_DQ,2048,safe,clean,32
50,50,50,L1:ASC-REFL_B_RF45_I_YAW_OUT_DQ,2048,safe,clean,32
51,51,51,L1:ASC-REFL_B_RF45_Q_PIT_OUT_DQ,2048,safe,clean,32
52,52,52,L1:ASC-REFL_B_RF45_Q_YAW_OUT_DQ,2048,safe,clean,32
53,53,53,L1:ASC-REFL_B_RF9_I_PIT_OUT_DQ,2048,safe,clean,32
54,54,54,L1:ASC-REFL_B_RF9_I_YAW_OUT_DQ,2048,safe,clean,32
55,55,55,L1:ASC-REFL_B_RF9_Q_PIT_OUT_DQ,2048,safe,clean,32
56,56,56,L1:ASC-REFL_B_RF9_Q_YAW_OUT_DQ,2048,safe,clean,32
57,57,57,L1:ASC-X_TR_A_NSUM_OUT_DQ,2048,safe,clean,32
58,58,58,L1:ASC-X_TR_A_PIT_OUT_DQ,2048,safe,clean,32
59,59,59,L1:ASC-X_TR_A_YAW_OUT_DQ,2048,safe,clean,32
60,60,60,L1:ASC-X_TR_B_NSUM_OUT_DQ,2048,safe,clean,32
61,61,61,L1:ASC-X_TR_B_PIT_OUT_DQ,2048,safe,clean,32
62,62,62,L1:ASC-X_TR_B_YAW_OUT_DQ,2048,safe,clean,32
63,63,63,L1:ASC-Y_TR_A_NSUM_OUT_DQ,2048,safe,clean,32
64,64,64,L1:ASC-Y_TR_A_PIT_OUT_DQ,2048,safe,clean,32
65,65,65,L1:ASC-Y_TR_A_YAW_OUT_DQ,2048,safe,clean,32
66,66,66,L1:ASC-Y_TR_B_NSUM_OUT_DQ,2048,safe,clean,32
67,67,67,L1:ASC-Y_TR_B_PIT_OUT_DQ,2048,safe,clean,32
68,68,68,L1:ASC-Y_TR_B_YAW_OUT_DQ,2048,safe,clean,32
69,69,69,L1:ASC-AS_A_RF72_I_PIT_OUT_DQ,2048,safe,clean,32
70,70,70,L1:ASC-AS_A_RF72_I_YAW_OUT_DQ,2048,safe,clean,32
71,71,71,L1:ASC-AS_A_RF72_Q_PIT_OUT_DQ,2048,safe,clean,32
72,72,72,L1:ASC-AS_A_RF72_Q_YAW_OUT_DQ,2048,safe,clean,32
73,73,73,L1:ASC-AS_B_RF72_I_PIT_OUT_DQ,2048,safe,clean,32
74,74,74,L1:ASC-AS_B_RF72_I_YAW_OUT_DQ,2048,safe,clean,32
75,75,75,L1:ASC-AS_B_RF72_Q_PIT_OUT_DQ,2048,safe,clean,32
76,76,76,L1:ASC-AS_B_RF72_Q_YAW_OUT_DQ,2048,safe,clean,32
77,77,77,L1:LSC-MOD_RF45_AM_CTRL_OUT_DQ,2048,safe,clean,32
78,78,78,L1:LSC-MOD_RF45_AM_ERR_OUT_DQ,2048,safe,clean,32
79,79,79,L1:LSC-MOD_RF9_AM_CTRL_OUT_DQ,2048,safe,clean,32
80,80,80,L1:LSC-MOD_RF9_AM_ERR_OUT_DQ,2048,safe,clean,32
81,81,81,L1:ASC-INP2_P_OUT_DQ,512,safe,clean,2
82,82,82,L1:ASC-INP2_Y_OUT_DQ,512,safe,clean,2
83,83,83,L1:ASC-MICH_P_OUT_DQ,512,safe,clean,2
84,84,84,L1:ASC-MICH_Y_OUT_DQ,512,safe,clean,2
85,85,85,L1:ASC-PRC2_P_OUT_DQ,512,safe,clean,2
86,86,86,L1:ASC-PRC2_Y_OUT_DQ,512,safe,clean,2
87,87,87,L1:ASC-SRC1_P_OUT_DQ,512,safe,clean,2
88,88,88,L1:ASC-SRC1_Y_OUT_DQ,512,safe,clean,2
89,89,89,L1:ASC-SRC2_P_OUT_DQ,512,safe,clean,2
90,90,90,L1:ASC-SRC2_Y_OUT_DQ,512,safe,clean,2
91,91,91,L1:ASC-CHARD_P_OUT_DQ,512,safe,clean,2
92,92,92,L1:ASC-CHARD_Y_OUT_DQ,512,safe,clean,2
93,93,93,L1:ASC-DHARD_P_OUT_DQ,512,safe,clean,2
94,94,94,L1:ASC-DHARD_Y_OUT_DQ,512,safe,clean,2
95,95,95,L1:ASC-DC6_P_OUT_DQ,512,safe,clean,2
96,96,96,L1:ASC-DC6_Y_OUT_DQ,512,safe,clean,2
97,97,97,L1:ASC-DC7_P_OUT_DQ,512,safe,clean,2
98,98,98,L1:ASC-DC7_Y_OUT_DQ,512,safe,clean,2
99,99,99,L1:ASC-CHARD_HAM1_P_A_OUT_DQ,256,safe,clean,1
100,100,100,L1:ASC-CHARD_P_A_OUT_DQ,256,safe,clean,1
101,101,101,L1:ASC-CHARD_P_B_OUT_DQ,256,safe,clean,1
102,102,102,L1:ASC-CHARD_Y_A_OUT_DQ,256,safe,clean,1
103,103,103,L1:ASC-CHARD_Y_B_OUT_DQ,256,safe,clean,1
104,104,104,L1:ASC-CHARD_RM_P_A_OUT_DQ,256,safe,clean,1
105,105,105,L1:ASC-DHARD_P_A_OUT_DQ,256,safe,clean,1
106,106,106,L1:ASC-DHARD_P_B_OUT_DQ,256,safe,clean,1
107,107,107,L1:ASC-DHARD_Y_A_OUT_DQ,256,safe,clean,1
108,108,108,L1:ASC-DHARD_Y_B_OUT_DQ,256,safe,clean,1
109,109,109,L1:CAL-PCALY_RX_PD_OUT_DQ,16384,safe,clean,64
110,110,110,L1:CAL-PCALY_TX_PD_OUT_DQ,16384,safe,clean,64
111,111,111,L1:HPI-HAM1_BLND_L4C_HP_IN1_DQ,1024,safe,clean,32
112,112,112,L1:HPI-HAM1_BLND_L4C_RX_IN1_DQ,1024,safe,clean,32
113,113,113,L1:HPI-HAM1_BLND_L4C_RY_IN1_DQ,1024,safe,clean,32
114,114,114,L1:HPI-HAM1_BLND_L4C_RZ_IN1_DQ,1024,safe,clean,32
115,115,115,L1:HPI-HAM1_BLND_L4C_VP_IN1_DQ,1024,safe,clean,32
116,116,116,L1:HPI-HAM1_BLND_L4C_X_IN1_DQ,1024,safe,clean,32
117,117,117,L1:HPI-HAM1_BLND_L4C_Y_IN1_DQ,1024,safe,clean,32
118,118,118,L1:HPI-HAM1_BLND_L4C_Z_IN1_DQ,1024,safe,clean,32
119,119,119,L1:HPI-HAM6_BLND_L4C_HP_IN1_DQ,1024,safe,clean,32
120,120,120,L1:HPI-HAM6_BLND_L4C_RX_IN1_DQ,1024,safe,clean,32
121,121,121,L1:HPI-HAM6_BLND_L4C_RY_IN1_DQ,1024,safe,clean,32
122,122,122,L1:HPI-HAM6_BLND_L4C_RZ_IN1_DQ,1024,safe,clean,32
123,123,123,L1:HPI-HAM6_BLND_L4C_VP_IN1_DQ,1024,safe,clean,32
124,124,124,L1:HPI-HAM6_BLND_L4C_X_IN1_DQ,1024,safe,clean,32
125,125,125,L1:HPI-HAM6_BLND_L4C_Y_IN1_DQ,1024,safe,clean,32
126,126,126,L1:HPI-HAM6_BLND_L4C_Z_IN1_DQ,1024,safe,clean,32
127,127,127,L1:HPI-HAM2_BLND_L4C_HP_IN1_DQ,1024,safe,clean,32
128,128,128,L1:HPI-HAM2_BLND_L4C_RX_IN1_DQ,1024,safe,clean,32
129,129,129,L1:HPI-HAM2_BLND_L4C_RY_IN1_DQ,1024,safe,clean,32
130,130,130,L1:HPI-HAM2_BLND_L4C_RZ_IN1_DQ,1024,safe,clean,32
131,131,131,L1:HPI-HAM2_BLND_L4C_VP_IN1_DQ,1024,safe,clean,32
132,132,132,L1:HPI-HAM2_BLND_L4C_X_IN1_DQ,1024,safe,clean,32
133,133,133,L1:HPI-HAM2_BLND_L4C_Y_IN1_DQ,1024,safe,clean,32
134,134,134,L1:HPI-HAM2_BLND_L4C_Z_IN1_DQ,1024,safe,clean,32
135,135,135,L1:HPI-HAM3_BLND_L4C_HP_IN1_DQ,1024,safe,clean,32
136,136,136,L1:HPI-HAM3_BLND_L4C_RX_IN1_DQ,1024,safe,clean,32
137,137,137,L1:HPI-HAM3_BLND_L4C_RY_IN1_DQ,1024,safe,clean,32
138,138,138,L1:HPI-HAM3_BLND_L4C_RZ_IN1_DQ,1024,safe,clean,32
139,139,139,L1:HPI-HAM3_BLND_L4C_VP_IN1_DQ,1024,safe,clean,32
140,140,140,L1:HPI-HAM3_BLND_L4C_X_IN1_DQ,1024,safe,clean,32
141,141,141,L1:HPI-HAM3_BLND_L4C_Y_IN1_DQ,1024,safe,clean,32
142,142,142,L1:HPI-HAM3_BLND_L4C_Z_IN1_DQ,1024,safe,clean,32
143,143,143,L1:HPI-HAM4_BLND_L4C_HP_IN1_DQ,1024,safe,clean,32
144,144,144,L1:HPI-HAM4_BLND_L4C_RX_IN1_DQ,1024,safe,clean,32
145,145,145,L1:HPI-HAM4_BLND_L4C_RY_IN1_DQ,1024,safe,clean,32
146,146,146,L1:HPI-HAM4_BLND_L4C_RZ_IN1_DQ,1024,safe,clean,32
147,147,147,L1:HPI-HAM4_BLND_L4C_VP_IN1_DQ,1024,safe,clean,32
148,148,148,L1:HPI-HAM4_BLND_L4C_X_IN1_DQ,1024,safe,clean,32
149,149,149,L1:HPI-HAM4_BLND_L4C_Y_IN1_DQ,1024,safe,clean,32
150,150,150,L1:HPI-HAM4_BLND_L4C_Z_IN1_DQ,1024,safe,clean,32
151,151,151,L1:HPI-HAM5_BLND_L4C_HP_IN1_DQ,1024,safe,clean,32
152,152,152,L1:HPI-HAM5_BLND_L4C_RX_IN1_DQ,1024,safe,clean,32
153,153,153,L1:HPI-HAM5_BLND_L4C_RY_IN1_DQ,1024,safe,clean,32
154,154,154,L1:HPI-HAM5_BLND_L4C_RZ_IN1_DQ,1024,safe,clean,32
155,155,155,L1:HPI-HAM5_BLND_L4C_VP_IN1_DQ,1024,safe,clean,32
156,156,156,L1:HPI-HAM5_BLND_L4C_X_IN1_DQ,1024,safe,clean,32
157,157,157,L1:HPI-HAM5_BLND_L4C_Y_IN1_DQ,1024,safe,clean,32
158,158,158,L1:HPI-HAM5_BLND_L4C_Z_IN1_DQ,1024,safe,clean,32
159,159,159,L1:HPI-BS_BLND_L4C_HP_IN1_DQ,1024,safe,clean,32
160,160,160,L1:HPI-BS_BLND_L4C_RX_IN1_DQ,1024,safe,clean,32
161,161,161,L1:HPI-BS_BLND_L4C_RY_IN1_DQ,1024,safe,clean,32
162,162,162,L1:HPI-BS_BLND_L4C_RZ_IN1_DQ,1024,safe,clean,32
163,163,163,L1:HPI-BS_BLND_L4C_VP_IN1_DQ,1024,safe,clean,32
164,164,164,L1:HPI-BS_BLND_L4C_X_IN1_DQ,1024,safe,clean,32
165,165,165,L1:HPI-BS_BLND_L4C_Y_IN1_DQ,1024,safe,clean,32
166,166,166,L1:HPI-BS_BLND_L4C_Z_IN1_DQ,1024,safe,clean,32
167,167,167,L1:HPI-ITMX_BLND_L4C_HP_IN1_DQ,1024,safe,clean,32
168,168,168,L1:HPI-ITMX_BLND_L4C_RX_IN1_DQ,1024,safe,clean,32
169,169,169,L1:HPI-ITMX_BLND_L4C_RY_IN1_DQ,1024,safe,clean,32
170,170,170,L1:HPI-ITMX_BLND_L4C_RZ_IN1_DQ,1024,safe,clean,32
171,171,171,L1:HPI-ITMX_BLND_L4C_VP_IN1_DQ,1024,safe,clean,32
172,172,172,L1:HPI-ITMX_BLND_L4C_X_IN1_DQ,1024,safe,clean,32
173,173,173,L1:HPI-ITMX_BLND_L4C_Y_IN1_DQ,1024,safe,clean,32
174,174,174,L1:HPI-ITMX_BLND_L4C_Z_IN1_DQ,1024,safe,clean,32
175,175,175,L1:HPI-ITMY_BLND_L4C_HP_IN1_DQ,1024,safe,clean,32
176,176,176,L1:HPI-ITMY_BLND_L4C_RX_IN1_DQ,1024,safe,clean,32
177,177,177,L1:HPI-ITMY_BLND_L4C_RY_IN1_DQ,1024,safe,clean,32
178,178,178,L1:HPI-ITMY_BLND_L4C_RZ_IN1_DQ,1024,safe,clean,32
179,179,179,L1:HPI-ITMY_BLND_L4C_VP_IN1_DQ,1024,safe,clean,32
180,180,180,L1:HPI-ITMY_BLND_L4C_X_IN1_DQ,1024,safe,clean,32
181,181,181,L1:HPI-ITMY_BLND_L4C_Y_IN1_DQ,1024,safe,clean,32
182,182,182,L1:HPI-ITMY_BLND_L4C_Z_IN1_DQ,1024,safe,clean,32
183,183,183,L1:HPI-ETMX_BLND_L4C_HP_IN1_DQ,1024,safe,clean,32
184,184,184,L1:HPI-ETMX_BLND_L4C_RX_IN1_DQ,1024,safe,clean,32
185,185,185,L1:HPI-ETMX_BLND_L4C_RY_IN1_DQ,1024,safe,clean,32
186,186,186,L1:HPI-ETMX_BLND_L4C_RZ_IN1_DQ,1024,safe,clean,32
187,187,187,L1:HPI-ETMX_BLND_L4C_VP_IN1_DQ,1024,safe,clean,32
188,188,188,L1:HPI-ETMX_BLND_L4C_X_IN1_DQ,1024,safe,clean,32
189,189,189,L1:HPI-ETMX_BLND_L4C_Y_IN1_DQ,1024,safe,clean,32
190,190,190,L1:HPI-ETMX_BLND_L4C_Z_IN1_DQ,1024,safe,clean,32
191,191,191,L1:HPI-ETMY_BLND_L4C_HP_IN1_DQ,1024,safe,clean,32
192,192,192,L1:HPI-ETMY_BLND_L4C_RX_IN1_DQ,1024,safe,clean,32
193,193,193,L1:HPI-ETMY_BLND_L4C_RY_IN1_DQ,1024,safe,clean,32
194,194,194,L1:HPI-ETMY_BLND_L4C_RZ_IN1_DQ,1024,safe,clean,32
195,195,195,L1:HPI-ETMY_BLND_L4C_VP_IN1_DQ,1024,safe,clean,32
196,196,196,L1:HPI-ETMY_BLND_L4C_X_IN1_DQ,1024,safe,clean,32
197,197,197,L1:HPI-ETMY_BLND_L4C_Y_IN1_DQ,1024,safe,clean,32
198,198,198,L1:HPI-ETMY_BLND_L4C_Z_IN1_DQ,1024,safe,clean,32
199,199,199,L1:IMC-DOF_1_P_IN1_DQ,2048,safe,clean,32
200,200,200,L1:IMC-DOF_1_Y_IN1_DQ,2048,safe,clean,32
201,201,201,L1:IMC-DOF_2_P_IN1_DQ,2048,safe,clean,32
202,202,202,L1:IMC-DOF_2_Y_IN1_DQ,2048,safe,clean,32
203,203,203,L1:IMC-DOF_3_P_IN1_DQ,2048,safe,clean,32
204,204,204,L1:IMC-DOF_3_Y_IN1_DQ,2048,safe,clean,32
205,205,205,L1:IMC-DOF_4_P_IN1_DQ,2048,safe,clean,32
206,206,206,L1:IMC-DOF_4_Y_IN1_DQ,2048,safe,clean,32
207,207,207,L1:IMC-F_OUT_DQ,16384,safe,clean,64
208,208,208,L1:IMC-I_OUT_DQ,16384,safe,clean,64
209,209,209,L1:IMC-L_OUT_DQ,2048,safe,clean,32
210,210,210,L1:IMC-IM4_TRANS_PIT_OUT_DQ,2048,safe,clean,32
211,211,211,L1:IMC-IM4_TRANS_SUM_OUT_DQ,2048,safe,clean,32
212,212,212,L1:IMC-IM4_TRANS_YAW_OUT_DQ,2048,safe,clean,32
213,213,213,L1:IMC-MC1_PIT_OUT_DQ,2048,safe,clean,32
214,214,214,L1:IMC-MC1_YAW_OUT_DQ,2048,safe,clean,32
215,215,215,L1:IMC-MC2_PIT_OUT_DQ,2048,safe,clean,32
216,216,216,L1:IMC-MC2_TRANS_PIT_OUT_DQ,2048,safe,clean,32
217,217,217,L1:IMC-MC2_TRANS_SUM_OUT_DQ,2048,safe,clean,32
218,218,218,L1:IMC-MC2_TRANS_YAW_OUT_DQ,2048,safe,clean,32
219,219,219,L1:IMC-MC2_YAW_OUT_DQ,2048,safe,clean,32
220,220,220,L1:IMC-MC3_PIT_OUT_DQ,2048,safe,clean,32
221,221,221,L1:IMC-MC3_YAW_OUT_DQ,2048,safe,clean,32
222,222,222,L1:IMC-PWR_IN_OUT_DQ,2048,safe,clean,32
223,223,223,L1:IMC-PZT_PIT_OUT_DQ,2048,safe,clean,32
224,224,224,L1:IMC-PZT_YAW_OUT_DQ,2048,safe,clean,32
225,225,225,L1:IMC-REFL_DC_OUT_DQ,2048,safe,clean,32
226,226,226,L1:IMC-TRANS_OUT_DQ,2048,safe,clean,32
227,227,227,L1:IMC-WFS_A_DC_PIT_OUT_DQ,2048,safe,clean,32
228,228,228,L1:IMC-WFS_A_DC_SUM_OUT_DQ,2048,safe,clean,32
229,229,229,L1:IMC-WFS_A_DC_YAW_OUT_DQ,2048,safe,clean,32
230,230,230,L1:IMC-WFS_A_I_PIT_OUT_DQ,2048,safe,clean,32
231,231,231,L1:IMC-WFS_A_I_YAW_OUT_DQ,2048,safe,clean,32
232,232,232,L1:IMC-WFS_A_Q_PIT_OUT_DQ,2048,safe,clean,32
233,233,233,L1:IMC-WFS_A_Q_YAW_OUT_DQ,2048,safe,clean,32
234,234,234,L1:IMC-WFS_B_DC_PIT_OUT_DQ,2048,safe,clean,32
235,235,235,L1:IMC-WFS_B_DC_SUM_OUT_DQ,2048,safe,clean,32
236,236,236,L1:IMC-WFS_B_DC_YAW_OUT_DQ,2048,safe,clean,32
237,237,237,L1:IMC-WFS_B_I_PIT_OUT_DQ,2048,safe,clean,32
238,238,238,L1:IMC-WFS_B_I_YAW_OUT_DQ,2048,safe,clean,32
239,239,239,L1:IMC-WFS_B_Q_PIT_OUT_DQ,2048,safe,clean,32
240,240,240,L1:IMC-WFS_B_Q_YAW_OUT_DQ,2048,safe,clean,32
241,241,241,L1:ISI-BS_ST1_BLND_RX_T240_CUR_IN1_DQ,512,safe,clean,2
242,242,242,L1:ISI-BS_ST1_BLND_RY_T240_CUR_IN1_DQ,512,safe,clean,2
243,243,243,L1:ISI-BS_ST1_BLND_RZ_T240_CUR_IN1_DQ,512,safe,clean,2
244,244,244,L1:ISI-BS_ST1_BLND_X_T240_CUR_IN1_DQ,512,safe,clean,2
245,245,245,L1:ISI-BS_ST1_BLND_Y_T240_CUR_IN1_DQ,512,safe,clean,2
246,246,246,L1:ISI-BS_ST1_BLND_Z_T240_CUR_IN1_DQ,512,safe,clean,2
247,247,247,L1:ISI-ITMX_ST1_BLND_RX_T240_CUR_IN1_DQ,512,safe,clean,2
248,248,248,L1:ISI-ITMX_ST1_BLND_RY_T240_CUR_IN1_DQ,512,safe,clean,2
249,249,249,L1:ISI-ITMX_ST1_BLND_RZ_T240_CUR_IN1_DQ,512,safe,clean,2
250,250,250,L1:ISI-ITMX_ST1_BLND_X_T240_CUR_IN1_DQ,512,safe,clean,2
251,251,251,L1:ISI-ITMX_ST1_BLND_Y_T240_CUR_IN1_DQ,512,safe,clean,2
252,252,252,L1:ISI-ITMX_ST1_BLND_Z_T240_CUR_IN1_DQ,512,safe,clean,2
253,253,253,L1:ISI-ITMY_ST1_BLND_RX_T240_CUR_IN1_DQ,512,safe,clean,2
254,254,254,L1:ISI-ITMY_ST1_BLND_RY_T240_CUR_IN1_DQ,512,safe,clean,2
255,255,255,L1:ISI-ITMY_ST1_BLND_RZ_T240_CUR_IN1_DQ,512,safe,clean,2
256,256,256,L1:ISI-ITMY_ST1_BLND_X_T240_CUR_IN1_DQ,512,safe,clean,2
257,257,257,L1:ISI-ITMY_ST1_BLND_Y_T240_CUR_IN1_DQ,512,safe,clean,2
258,258,258,L1:ISI-ITMY_ST1_BLND_Z_T240_CUR_IN1_DQ,512,safe,clean,2
259,259,259,L1:ISI-ETMX_ST1_BLND_RX_T240_CUR_IN1_DQ,512,safe,clean,2
260,260,260,L1:ISI-ETMX_ST1_BLND_RY_T240_CUR_IN1_DQ,512,safe,clean,2
261,261,261,L1:ISI-ETMX_ST1_BLND_RZ_T240_CUR_IN1_DQ,512,safe,clean,2
262,262,262,L1:ISI-ETMX_ST1_BLND_X_T240_CUR_IN1_DQ,512,safe,clean,2
263,263,263,L1:ISI-ETMX_ST1_BLND_Y_T240_CUR_IN1_DQ,512,safe,clean,2
264,264,264,L1:ISI-ETMX_ST1_BLND_Z_T240_CUR_IN1_DQ,512,safe,clean,2
265,265,265,L1:ISI-ETMY_ST1_BLND_RX_T240_CUR_IN1_DQ,512,safe,clean,2
266,266,266,L1:ISI-ETMY_ST1_BLND_RY_T240_CUR_IN1_DQ,512,safe,clean,2
267,267,267,L1:ISI-ETMY_ST1_BLND_RZ_T240_CUR_IN1_DQ,512,safe,clean,2
268,268,268,L1:ISI-ETMY_ST1_BLND_X_T240_CUR_IN1_DQ,512,safe,clean,2
269,269,269,L1:ISI-ETMY_ST1_BLND_Y_T240_CUR_IN1_DQ,512,safe,clean,2
270,270,270,L1:ISI-ETMY_ST1_BLND_Z_T240_CUR_IN1_DQ,512,safe,clean,2
271,271,271,L1:ISI-BS_ST2_BLND_RX_GS13_CUR_IN1_DQ,4096,safe,clean,64
272,272,272,L1:ISI-BS_ST2_BLND_RY_GS13_CUR_IN1_DQ,4096,safe,clean,64
273,273,273,L1:ISI-BS_ST2_BLND_RZ_GS13_CUR_IN1_DQ,4096,safe,clean,64
274,274,274,L1:ISI-BS_ST2_BLND_X_GS13_CUR_IN1_DQ,4096,safe,clean,64
275,275,275,L1:ISI-BS_ST2_BLND_Y_GS13_CUR_IN1_DQ,4096,safe,clean,64
276,276,276,L1:ISI-BS_ST2_BLND_Z_GS13_CUR_IN1_DQ,4096,safe,clean,64
277,277,277,L1:ISI-ETMX_ST2_BLND_RX_GS13_CUR_IN1_DQ,4096,safe,clean,64
278,278,278,L1:ISI-ETMX_ST2_BLND_RY_GS13_CUR_IN1_DQ,4096,safe,clean,64
279,279,279,L1:ISI-ETMX_ST2_BLND_RZ_GS13_CUR_IN1_DQ,4096,safe,clean,64
280,280,280,L1:ISI-ETMX_ST2_BLND_X_GS13_CUR_IN1_DQ,4096,safe,clean,64
281,281,281,L1:ISI-ETMX_ST2_BLND_Y_GS13_CUR_IN1_DQ,4096,safe,clean,64
282,282,282,L1:ISI-ETMX_ST2_BLND_Z_GS13_CUR_IN1_DQ,4096,safe,clean,64
283,283,283,L1:ISI-ETMY_ST2_BLND_RX_GS13_CUR_IN1_DQ,4096,safe,clean,64
284,284,284,L1:ISI-ETMY_ST2_BLND_RY_GS13_CUR_IN1_DQ,4096,safe,clean,64
285,285,285,L1:ISI-ETMY_ST2_BLND_RZ_GS13_CUR_IN1_DQ,4096,safe,clean,64
286,286,286,L1:ISI-ETMY_ST2_BLND_X_GS13_CUR_IN1_DQ,4096,safe,clean,64
287,287,287,L1:ISI-ETMY_ST2_BLND_Y_GS13_CUR_IN1_DQ,4096,safe,clean,64
288,288,288,L1:ISI-ETMY_ST2_BLND_Z_GS13_CUR_IN1_DQ,4096,safe,clean,64
289,289,289,L1:ISI-HAM2_BLND_GS13RX_IN1_DQ,4096,safe,clean,64
290,290,290,L1:ISI-HAM2_BLND_GS13RY_IN1_DQ,4096,safe,clean,64
291,291,291,L1:ISI-HAM2_BLND_GS13RZ_IN1_DQ,4096,safe,clean,64
292,292,292,L1:ISI-HAM2_BLND_GS13X_IN1_DQ,4096,safe,clean,64
293,293,293,L1:ISI-HAM2_BLND_GS13Y_IN1_DQ,4096,safe,clean,64
294,294,294,L1:ISI-HAM2_BLND_GS13Z_IN1_DQ,4096,safe,clean,64
295,295,295,L1:ISI-HAM3_BLND_GS13RX_IN1_DQ,4096,safe,clean,64
296,296,296,L1:ISI-HAM3_BLND_GS13RY_IN1_DQ,4096,safe,clean,64
297,297,297,L1:ISI-HAM3_BLND_GS13RZ_IN1_DQ,4096,safe,clean,64
298,298,298,L1:ISI-HAM3_BLND_GS13X_IN1_DQ,4096,safe,clean,64
299,299,299,L1:ISI-HAM3_BLND_GS13Y_IN1_DQ,4096,safe,clean,64
300,300,300,L1:ISI-HAM3_BLND_GS13Z_IN1_DQ,4096,safe,clean,64
301,301,301,L1:ISI-HAM4_BLND_GS13RX_IN1_DQ,4096,safe,clean,64
302,302,302,L1:ISI-HAM4_BLND_GS13RY_IN1_DQ,4096,safe,clean,64
303,303,303,L1:ISI-HAM4_BLND_GS13RZ_IN1_DQ,4096,safe,clean,64
304,304,304,L1:ISI-HAM4_BLND_GS13X_IN1_DQ,4096,safe,clean,64
305,305,305,L1:ISI-HAM4_BLND_GS13Y_IN1_DQ,4096,safe,clean,64
306,306,306,L1:ISI-HAM4_BLND_GS13Z_IN1_DQ,4096,safe,clean,64
307,307,307,L1:ISI-HAM5_BLND_GS13RX_IN1_DQ,4096,safe,clean,64
308,308,308,L1:ISI-HAM5_BLND_GS13RY_IN1_DQ,4096,safe,clean,64
309,309,309,L1:ISI-HAM5_BLND_GS13RZ_IN1_DQ,4096,safe,clean,64
310,310,310,L1:ISI-HAM5_BLND_GS13X_IN1_DQ,4096,safe,clean,64
311,311,311,L1:ISI-HAM5_BLND_GS13Y_IN1_DQ,4096,safe,clean,64
312,312,312,L1:ISI-HAM5_BLND_GS13Z_IN1_DQ,4096,safe,clean,64
313,313,313,L1:ISI-HAM6_BLND_GS13RX_IN1_DQ,4096,safe,clean,64
314,314,314,L1:ISI-HAM6_BLND_GS13RY_IN1_DQ,4096,safe,clean,64
315,315,315,L1:ISI-HAM6_BLND_GS13RZ_IN1_DQ,4096,safe,clean,64
316,316,316,L1:ISI-HAM6_BLND_GS13X_IN1_DQ,4096,safe,clean,64
317,317,317,L1:ISI-HAM6_BLND_GS13Y_IN1_DQ,4096,safe,clean,64
318,318,318,L1:ISI-HAM6_BLND_GS13Z_IN1_DQ,4096,safe,clean,64
319,319,319,L1:ISI-ITMX_ST2_BLND_RX_GS13_CUR_IN1_DQ,4096,safe,clean,64
320,320,320,L1:ISI-ITMX_ST2_BLND_RY_GS13_CUR_IN1_DQ,4096,safe,clean,64
321,321,321,L1:ISI-ITMX_ST2_BLND_RZ_GS13_CUR_IN1_DQ,4096,safe,clean,64
322,322,322,L1:ISI-ITMX_ST2_BLND_X_GS13_CUR_IN1_DQ,4096,safe,clean,64
323,323,323,L1:ISI-ITMX_ST2_BLND_Y_GS13_CUR_IN1_DQ,4096,safe,clean,64
324,324,324,L1:ISI-ITMX_ST2_BLND_Z_GS13_CUR_IN1_DQ,4096,safe,clean,64
325,325,325,L1:ISI-ITMY_ST2_BLND_RX_GS13_CUR_IN1_DQ,4096,safe,clean,64
326,326,326,L1:ISI-ITMY_ST2_BLND_RY_GS13_CUR_IN1_DQ,4096,safe,clean,64
327,327,327,L1:ISI-ITMY_ST2_BLND_RZ_GS13_CUR_IN1_DQ,4096,safe,clean,64
328,328,328,L1:ISI-ITMY_ST2_BLND_X_GS13_CUR_IN1_DQ,4096,safe,clean,64
329,329,329,L1:ISI-ITMY_ST2_BLND_Y_GS13_CUR_IN1_DQ,4096,safe,clean,64
330,330,330,L1:ISI-ITMY_ST2_BLND_Z_GS13_CUR_IN1_DQ,4096,safe,clean,64
331,331,331,L1:ISI-GND_STS_HAM5_X_DQ,512,safe,clean,2
332,332,332,L1:ISI-GND_STS_HAM5_Y_DQ,512,safe,clean,2
333,333,333,L1:ISI-GND_STS_HAM5_Z_DQ,512,safe,clean,2
334,334,334,L1:ISI-GND_STS_ITMY_X_DQ,512,safe,clean,2
335,335,335,L1:ISI-GND_STS_ITMY_Y_DQ,512,safe,clean,2
336,336,336,L1:ISI-GND_STS_ITMY_Z_DQ,512,safe,clean,2
337,337,337,L1:ISI-GND_STS_ETMX_X_DQ,512,safe,clean,2
338,338,338,L1:ISI-GND_STS_ETMX_Y_DQ,512,safe,clean,2
339,339,339,L1:ISI-GND_STS_ETMX_Z_DQ,512,safe,clean,2
340,340,340,L1:ISI-GND_STS_ETMY_X_DQ,512,safe,clean,2
341,341,341,L1:ISI-GND_STS_ETMY_Y_DQ,512,safe,clean,2
342,342,342,L1:ISI-GND_STS_ETMY_Z_DQ,512,safe,clean,2
343,343,343,L1:ISI-GND_BRS_ITMX_RY_OUT_DQ,256,safe,clean,1
344,344,344,L1:ISI-GND_BRS_ITMY_RX_OUT_DQ,256,safe,clean,1
345,345,345,L1:ISI-GND_BRS_ETMX_RY_OUT_DQ,256,safe,clean,1
346,346,346,L1:ISI-GND_BRS_ETMY_RX_OUT_DQ,256,safe,clean,1
347,347,347,L1:OMC-PZT1_MON_AC_OUT_DQ,16384,safe,clean,64
348,348,348,L1:OMC-PZT2_MON_AC_OUT_DQ,16384,safe,clean,64
349,349,349,L1:OMC-PZT1_MON_DC_OUT_DQ,512,safe,clean,2
350,350,350,L1:OMC-PZT2_MON_DC_OUT_DQ,512,safe,clean,2
351,351,351,L1:PEM-CS_ACC_BEAMTUBE_SRTUBE_X_DQ,4096,safe,clean,64
352,352,352,L1:PEM-CS_ACC_BEAMTUBE_YMAN_X_DQ,4096,safe,clean,64
353,353,353,L1:PEM-CS_ACC_BEAMTUBE_MCTUBE_Y_DQ,4096,safe,clean,64
354,354,354,L1:PEM-CS_ACC_BEAMTUBE_XMAN_Y_DQ,4096,safe,clean,64
355,355,355,L1:PEM-CS_ACC_BSC1_ITMY_X_DQ,16384,safe,clean,64
356,356,356,L1:PEM-CS_ACC_BSC1_ITMY_Y_DQ,16384,safe,clean,64
357,357,357,L1:PEM-CS_ACC_BSC2_BS_Y_DQ,4096,safe,clean,64
358,358,358,L1:PEM-CS_ACC_BSC3_ITMX_X_DQ,16384,safe,clean,64
359,359,359,L1:PEM-CS_ACC_BSC3_ITMX_Y_DQ,16384,safe,clean,64
360,360,360,L1:PEM-CS_ACC_EBAY_FLOOR_Z_DQ,4096,safe,clean,64
361,361,361,L1:PEM-CS_ACC_HAM2_PRM_Y_DQ,16384,safe,clean,64
362,362,362,L1:PEM-CS_ACC_HAM2_PRM_Z_DQ,16384,safe,clean,64
363,363,363,L1:PEM-CS_ACC_HAM3_PR2_Y_DQ,16384,safe,clean,64
364,364,364,L1:PEM-CS_ACC_HAM4_SR2_X_DQ,16384,safe,clean,64
365,365,365,L1:PEM-CS_ACC_HAM5_SRM_X_DQ,16384,safe,clean,64
366,366,366,L1:PEM-CS_ACC_HAM6VAC_SEPTUM_X_DQ,4096,safe,clean,64
367,367,367,L1:PEM-CS_ACC_HAM6VAC_SEPTUM_Y_DQ,4096,safe,clean,64
368,368,368,L1:PEM-CS_ACC_HAM6VAC_SEPTUM_Z_DQ,4096,safe,clean,64
369,369,369,L1:PEM-CS_ACC_HAM6_OMC_X_DQ,16384,safe,clean,64
370,370,370,L1:PEM-CS_ACC_HAM6_OMC_Z_DQ,16384,safe,clean,64
371,371,371,L1:PEM-CS_ACC_ISCT1_REFL_Y_DQ,4096,safe,clean,64
372,372,372,L1:PEM-CS_ACC_LVEAFLOOR_BS_Z_DQ,4096,safe,clean,64
373,373,373,L1:PEM-CS_ACC_LVEAFLOOR_XCRYO_Z_DQ,4096,safe,clean,64
374,374,374,L1:PEM-CS_ACC_LVEAFLOOR_YCRYO_Z_DQ,4096,safe,clean,64
375,375,375,L1:PEM-CS_ACC_OPLEV_ITMX_Y_DQ,4096,safe,clean,64
376,376,376,L1:PEM-CS_ACC_OPLEV_ITMY_X_DQ,4096,safe,clean,64
377,377,377,L1:PEM-CS_ACC_PSL_PERISCOPE_X_DQ,16384,safe,clean,64
378,378,378,L1:PEM-CS_ACC_PSL_TABLE1_X_DQ,4096,safe,clean,64
379,379,379,L1:PEM-CS_ACC_PSL_TABLE1_Y_DQ,4096,safe,clean,64
380,380,380,L1:PEM-CS_ACC_PSL_TABLE1_Z_DQ,4096,safe,clean,64
381,381,381,L1:PEM-CS_ACC_PSL_TABLE2_Z_DQ,4096,safe,clean,64
382,382,382,L1:PEM-MX_ACC_BEAMTUBE_1900X_X_DQ,4096,safe,clean,64
383,383,383,L1:PEM-MX_ACC_BEAMTUBE_2100X_X_DQ,4096,safe,clean,64
384,384,384,L1:PEM-MX_ACC_BEAMTUBE_VEA_X_DQ,4096,safe,clean,64
385,385,385,L1:PEM-MX_ACC_BEAMTUBE_VEA_Z_DQ,4096,safe,clean,64
386,386,386,L1:PEM-MY_ACC_BEAMTUBE_1900Y_Y_DQ,4096,safe,clean,64
387,387,387,L1:PEM-MY_ACC_BEAMTUBE_2100Y_Y_DQ,4096,safe,clean,64
388,388,388,L1:PEM-MY_ACC_BEAMTUBE_VEA_Y_DQ,4096,safe,clean,64
389,389,389,L1:PEM-MY_ACC_BEAMTUBE_VEA_Z_DQ,4096,safe,clean,64
390,390,390,L1:PEM-EX_ACC_BEAMTUBE_MAN_X_DQ,4096,safe,clean,64
391,391,391,L1:PEM-EX_ACC_BEAMTUBE_MAN_Z_DQ,4096,safe,clean,64
392,392,392,L1:PEM-EX_ACC_BSC4_ETMX_X_DQ,4096,safe,clean,64
393,393,393,L1:PEM-EX_ACC_BSC4_ETMX_Y_DQ,16384,safe,clean,64
394,394,394,L1:PEM-EX_ACC_BSC4_ETMX_Z_DQ,4096,safe,clean,64
395,395,395,L1:PEM-EX_ACC_EBAY_FLOOR_Z_DQ,4096,safe,clean,64
396,396,396,L1:PEM-EX_ACC_OPLEV_ETMX_Y_DQ,4096,safe,clean,64
397,397,397,L1:PEM-EX_ACC_VEA_FLOOR_Z_DQ,4096,safe,clean,64
398,398,398,L1:PEM-EY_ACC_BEAMTUBE_MAN_Y_DQ,4096,safe,clean,64
399,399,399,L1:PEM-EY_ACC_BEAMTUBE_MAN_Z_DQ,4096,safe,clean,64
400,400,400,L1:PEM-EY_ACC_BSC5_ETMY_X_DQ,16384,safe,clean,64
401,401,401,L1:PEM-EY_ACC_BSC5_ETMY_Y_DQ,4096,safe,clean,64
402,402,402,L1:PEM-EY_ACC_BSC5_ETMY_Z_DQ,4096,safe,clean,64
403,403,403,L1:PEM-EY_ACC_EBAY_FLOOR_Z_DQ,4096,safe,clean,64
404,404,404,L1:PEM-EY_ACC_OPLEV_ETMY_X_DQ,4096,safe,clean,64
405,405,405,L1:PEM-EY_ACC_VEA_FLOOR_Z_DQ,4096,safe,clean,64
406,406,406,L1:PEM-CS_ACC_LVEAFLOOR_HAM1_X_DQ,4096,safe,clean,64
407,407,407,L1:PEM-CS_ACC_LVEAFLOOR_HAM1_Y_DQ,4096,safe,clean,64
408,408,408,L1:PEM-CS_ACC_LVEAFLOOR_HAM1_Z_DQ,4096,safe,clean,64
409,409,409,L1:PEM-CS_ACC_HVAC_FLOOR_Z_DQ,4096,safe,clean,64
410,410,410,L1:PEM-EX_ACC_HVAC_FLOOR_Z_DQ,4096,safe,clean,64
411,411,411,L1:PEM-EY_ACC_HVAC_FLOOR_Z_DQ,4096,safe,clean,64
412,412,412,L1:PEM-CS_LOWFMIC_LVEA_VERTEX_DQ,256,safe,clean,1
413,413,413,L1:PEM-EX_LOWFMIC_VEA_FLOOR_DQ,256,safe,clean,1
414,414,414,L1:PEM-EY_LOWFMIC_VEA_FLOOR_DQ,256,safe,clean,1
415,415,415,L1:PEM-CS_MAG_EBAY_SUSRACK_QUAD_SUM_DQ,4096,safe,clean,64
416,416,416,L1:PEM-CS_MAG_EBAY_SUSRACK_X_DQ,8192,safe,clean,64
417,417,417,L1:PEM-CS_MAG_EBAY_SUSRACK_Y_DQ,8192,safe,clean,64
418,418,418,L1:PEM-CS_MAG_EBAY_SUSRACK_Z_DQ,8192,safe,clean,64
419,419,419,L1:PEM-CS_MAG_LVEA_OUTPUTOPTICS_QUAD_SUM_DQ,4096,safe,clean,64
420,420,420,L1:PEM-CS_MAG_LVEA_OUTPUTOPTICS_X_DQ,8192,safe,clean,64
421,421,421,L1:PEM-CS_MAG_LVEA_OUTPUTOPTICS_Y_DQ,8192,safe,clean,64
422,422,422,L1:PEM-CS_MAG_LVEA_OUTPUTOPTICS_Z_DQ,8192,safe,clean,64
423,423,423,L1:PEM-CS_MAG_LVEA_VERTEX_QUAD_SUM_DQ,4096,safe,clean,64
424,424,424,L1:PEM-CS_MAG_LVEA_VERTEX_X_DQ,8192,safe,clean,64
425,425,425,L1:PEM-CS_MAG_LVEA_VERTEX_Y_DQ,8192,safe,clean,64
426,426,426,L1:PEM-CS_MAG_LVEA_VERTEX_Z_DQ,8192,safe,clean,64
427,427,427,L1:PEM-EX_MAG_EBAY_SUSRACK_QUAD_SUM_DQ,4096,safe,clean,64
428,428,428,L1:PEM-EX_MAG_EBAY_SUSRACK_X_DQ,8192,safe,clean,64
429,429,429,L1:PEM-EX_MAG_EBAY_SUSRACK_Y_DQ,8192,safe,clean,64
430,430,430,L1:PEM-EX_MAG_EBAY_SUSRACK_Z_DQ,8192,safe,clean,64
431,431,431,L1:PEM-EX_MAG_VEA_FLOOR_QUAD_SUM_DQ,4096,safe,clean,64
432,432,432,L1:PEM-EX_MAG_VEA_FLOOR_X_DQ,8192,safe,clean,64
433,433,433,L1:PEM-EX_MAG_VEA_FLOOR_Y_DQ,8192,safe,clean,64
434,434,434,L1:PEM-EX_MAG_VEA_FLOOR_Z_DQ,8192,safe,clean,64
435,435,435,L1:PEM-EY_MAG_VEA_FLOOR_QUAD_SUM_DQ,4096,safe,clean,64
436,436,436,L1:PEM-EY_MAG_VEA_FLOOR_X_DQ,8192,safe,clean,64
437,437,437,L1:PEM-EY_MAG_VEA_FLOOR_Y_DQ,8192,safe,clean,64
438,438,438,L1:PEM-EY_MAG_VEA_FLOOR_Z_DQ,8192,safe,clean,64
439,439,439,L1:PEM-EY_VAULT_MAG_COIL_Z_DQ,4096,safe,clean,64
440,440,440,L1:PEM-EY_VAULT_MAG_LEMI_X_DQ,4096,safe,clean,64
441,441,441,L1:PEM-EY_VAULT_MAG_LEMI_Y_DQ,4096,safe,clean,64
442,442,442,L1:PEM-CS_MAINSMON_EBAY_1_DQ,1024,safe,clean,32
443,443,443,L1:PEM-CS_MAINSMON_EBAY_2_DQ,1024,safe,clean,32
444,444,444,L1:PEM-CS_MAINSMON_EBAY_3_DQ,1024,safe,clean,32
445,445,445,L1:PEM-EX_MAINSMON_EBAY_1_DQ,1024,safe,clean,32
446,446,446,L1:PEM-EX_MAINSMON_EBAY_2_DQ,1024,safe,clean,32
447,447,447,L1:PEM-EX_MAINSMON_EBAY_3_DQ,1024,safe,clean,32
448,448,448,L1:PEM-EX_MAINSMON_EBAY_QUAD_SUM_DQ,1024,safe,clean,32
449,449,449,L1:PEM-EY_MAINSMON_EBAY_1_DQ,1024,safe,clean,32
450,450,450,L1:PEM-EY_MAINSMON_EBAY_2_DQ,1024,safe,clean,32
451,451,451,L1:PEM-EY_MAINSMON_EBAY_3_DQ,1024,safe,clean,32
452,452,452,L1:PEM-EY_MAINSMON_EBAY_QUAD_SUM_DQ,1024,safe,clean,32
453,453,453,L1:PEM-CS_VMON_ITMX_ESDPOWER18_DQ,4096,safe,clean,64
454,454,454,L1:PEM-CS_VMON_ITMY_ESDPOWER18_DQ,4096,safe,clean,64
455,455,455,L1:PEM-EX_VMON_ETMX_ESDPOWER24_DQ,4096,safe,clean,64
456,456,456,L1:PEM-EY_VMON_ETMY_ESDPOWER18_DQ,4096,safe,clean,64
457,457,457,L1:PEM-EY_VMON_ETMY_ESDPOWER24_DQ,4096,safe,clean,64
458,458,458,L1:PEM-CS_MIC_EBAY_RACKS_DQ,16384,safe,clean,64
459,459,459,L1:PEM-CS_MIC_LVEA_BS_DQ,16384,safe,clean,64
460,460,460,L1:PEM-CS_MIC_LVEA_INPUTOPTICS_DQ,16384,safe,clean,64
461,461,461,L1:PEM-CS_MIC_LVEA_OUTPUTOPTICS_DQ,16384,safe,clean,64
462,462,462,L1:PEM-CS_MIC_LVEA_XMANSPOOL_DQ,16384,safe,glitchy,64
463,463,463,L1:PEM-CS_MIC_LVEA_YMANSPOOL_DQ,16384,safe,clean,64
464,464,464,L1:PEM-CS_MIC_PSL_CENTER_DQ,16384,safe,clean,64
465,465,465,L1:PEM-MX_MIC_VEA_MIDX_DQ,16384,safe,clean,64
466,466,466,L1:PEM-EX_MIC_EBAY_RACKS_DQ,16384,safe,clean,64
467,467,467,L1:PEM-EX_MIC_VEA_PLUSX_DQ,16384,safe,clean,64
468,468,468,L1:PEM-MY_MIC_VEA_MIDY_DQ,16384,safe,clean,64
469,469,469,L1:PEM-EY_MIC_EBAY_RACKS_DQ,16384,safe,clean,64
470,470,470,L1:PEM-EY_MIC_VEA_PLUSY_DQ,16384,safe,clean,64
471,471,471,L1:PEM-CS_RADIO_EBAY_NARROWBAND_1_DQ,16384,safe,clean,64
472,472,472,L1:PEM-CS_RADIO_EBAY_NARROWBAND_2_DQ,16384,safe,clean,64
473,473,473,L1:PEM-CS_RADIO_LVEA_NARROWBAND_1_DQ,16384,safe,clean,64
474,474,474,L1:PEM-CS_RADIO_LVEA_NARROWBAND_2_DQ,16384,safe,clean,64
475,475,475,L1:PEM-CS_RADIO_ROOF1_BROADBAND_DQ,16384,safe,clean,64
476,476,476,L1:PEM-CS_RADIO_ROOF2_BROADBAND_DQ,16384,safe,clean,64
477,477,477,L1:PEM-CS_SEIS_LVEA_VERTEX_QUAD_SUM_DQ,256,safe,clean,1
478,478,478,L1:PEM-CS_SEIS_LVEA_VERTEX_X_DQ,256,safe,clean,1
479,479,479,L1:PEM-CS_SEIS_LVEA_VERTEX_Y_DQ,256,safe,clean,1
480,480,480,L1:PEM-CS_SEIS_LVEA_VERTEX_Z_DQ,256,safe,clean,1
481,481,481,L1:PEM-EX_SEIS_VEA_FLOOR_QUAD_SUM_DQ,256,safe,clean,1
482,482,482,L1:PEM-EX_SEIS_VEA_FLOOR_X_DQ,256,safe,clean,1
483,483,483,L1:PEM-EX_SEIS_VEA_FLOOR_Y_DQ,256,safe,clean,1
484,484,484,L1:PEM-EX_SEIS_VEA_FLOOR_Z_DQ,256,safe,clean,1
485,485,485,L1:PEM-EY_SEIS_VEA_FLOOR_QUAD_SUM_DQ,256,safe,clean,1
486,486,486,L1:PEM-EY_SEIS_VEA_FLOOR_X_DQ,256,safe,clean,1
487,487,487,L1:PEM-EY_SEIS_VEA_FLOOR_Y_DQ,256,safe,clean,1
488,488,488,L1:PEM-EY_SEIS_VEA_FLOOR_Z_DQ,256,safe,clean,1
489,489,489,L1:PEM-EY_VAULT_SEIS_STS2_X_DQ,256,safe,clean,1
490,490,490,L1:PEM-EY_VAULT_SEIS_STS2_Y_DQ,256,safe,clean,1
491,491,491,L1:PEM-EY_VAULT_SEIS_STS2_Z_DQ,256,safe,clean,1
492,492,492,L1:PSL-FSS_FAST_MON_OUT_DQ,16384,safe,clean,64
493,493,493,L1:PSL-FSS_MIXER_OUT_DQ,16384,safe,clean,64
494,494,494,L1:PSL-ISS_AOM_DRIVER_MON_OUT_DQ,16384,safe,clean,64
495,495,495,L1:PSL-ISS_PDA_REL_OUT_DQ,16384,safe,clean,64
496,496,496,L1:PSL-ISS_PDB_REL_OUT_DQ,16384,safe,clean,64
497,497,497,L1:PSL-ISS_SECONDLOOP_SUM14_REL_OUT_DQ,16384,safe,clean,64
498,498,498,L1:PSL-ISS_SECONDLOOP_SUM58_REL_OUT_DQ,16384,safe,clean,64
499,499,499,L1:PSL-PMC_HV_MON_OUT_DQ,16384,safe,clean,64
500,500,500,L1:PSL-PMC_MIXER_OUT_DQ,16384,safe,clean,64
501,501,501,L1:SUS-ITMX_L3_OPLEV_PIT_OUT_DQ,256,safe,clean,1
502,502,502,L1:SUS-ITMX_L3_OPLEV_YAW_OUT_DQ,256,safe,clean,1
503,503,503,L1:SUS-ITMX_L3_OPLEV_SUM_OUT_DQ,256,safe,clean,1
504,504,504,L1:SUS-ITMY_L3_OPLEV_PIT_OUT_DQ,256,safe,clean,1
505,505,505,L1:SUS-ITMY_L3_OPLEV_YAW_OUT_DQ,256,safe,clean,1
506,506,506,L1:SUS-ITMY_L3_OPLEV_SUM_OUT_DQ,256,safe,clean,1
507,507,507,L1:SUS-BS_M3_OPLEV_PIT_OUT_DQ,256,safe,clean,1
508,508,508,L1:SUS-BS_M3_OPLEV_YAW_OUT_DQ,256,safe,clean,1
509,509,509,L1:SUS-BS_M3_OPLEV_SUM_OUT_DQ,256,safe,clean,1
510,510,510,L1:SUS-PR3_M3_OPLEV_PIT_OUT_DQ,256,safe,clean,1
511,511,511,L1:SUS-PR3_M3_OPLEV_YAW_OUT_DQ,256,safe,clean,1
512,512,512,L1:SUS-PR3_M3_OPLEV_SUM_OUT_DQ,256,safe,clean,1
513,513,513,L1:SUS-SR3_M3_OPLEV_PIT_OUT_DQ,256,safe,clean,1
514,514,514,L1:SUS-SR3_M3_OPLEV_YAW_OUT_DQ,256,safe,clean,1
515,515,515,L1:SUS-SR3_M3_OPLEV_SUM_OUT_DQ,256,safe,clean,1
516,516,516,L1:SUS-ETMX_L3_OPLEV_PIT_OUT_DQ,256,safe,clean,1
517,517,517,L1:SUS-ETMX_L3_OPLEV_YAW_OUT_DQ,256,safe,clean,1
518,518,518,L1:SUS-ETMX_L3_OPLEV_SUM_OUT_DQ,256,safe,clean,1
519,519,519,L1:SUS-ETMY_L3_OPLEV_PIT_OUT_DQ,256,safe,clean,1
520,520,520,L1:SUS-ETMY_L3_OPLEV_YAW_OUT_DQ,256,safe,clean,1
521,521,521,L1:SUS-ETMY_L3_OPLEV_SUM_OUT_DQ,256,safe,clean,1
522,522,522,L1:SUS-BS_M1_DAMP_L_IN1_DQ,256,safe,clean,1
523,523,523,L1:SUS-BS_M1_DAMP_P_IN1_DQ,256,safe,clean,1
524,524,524,L1:SUS-BS_M1_DAMP_R_IN1_DQ,256,safe,clean,1
525,525,525,L1:SUS-BS_M1_DAMP_T_IN1_DQ,256,safe,clean,1
526,526,526,L1:SUS-BS_M1_DAMP_V_IN1_DQ,256,safe,clean,1
527,527,527,L1:SUS-BS_M1_DAMP_Y_IN1_DQ,256,safe,clean,1
528,528,528,L1:SUS-BS_M2_WIT_L_DQ,256,safe,clean,1
529,529,529,L1:SUS-BS_M2_WIT_P_DQ,256,safe,clean,1
530,530,530,L1:SUS-BS_M2_WIT_Y_DQ,256,safe,clean,1
531,531,531,L1:SUS-ETMX_L1_WIT_L_DQ,256,safe,clean,1
532,532,532,L1:SUS-ETMX_L1_WIT_P_DQ,256,safe,clean,1
533,533,533,L1:SUS-ETMX_L1_WIT_Y_DQ,256,safe,clean,1
534,534,534,L1:SUS-ETMX_L2_WIT_L_DQ,256,safe,clean,1
535,535,535,L1:SUS-ETMX_L2_WIT_P_DQ,256,safe,clean,1
536,536,536,L1:SUS-ETMX_L2_WIT_Y_DQ,256,safe,clean,1
537,537,537,L1:SUS-ETMX_M0_DAMP_L_IN1_DQ,256,safe,clean,1
538,538,538,L1:SUS-ETMX_M0_DAMP_P_IN1_DQ,256,safe,clean,1
539,539,539,L1:SUS-ETMX_M0_DAMP_R_IN1_DQ,256,safe,clean,1
540,540,540,L1:SUS-ETMX_M0_DAMP_T_IN1_DQ,256,safe,clean,1
541,541,541,L1:SUS-ETMX_M0_DAMP_V_IN1_DQ,256,safe,clean,1
542,542,542,L1:SUS-ETMX_M0_DAMP_Y_IN1_DQ,256,safe,clean,1
543,543,543,L1:SUS-ETMY_L1_WIT_L_DQ,256,safe,clean,1
544,544,544,L1:SUS-ETMY_L1_WIT_P_DQ,256,safe,clean,1
545,545,545,L1:SUS-ETMY_L1_WIT_Y_DQ,256,safe,clean,1
546,546,546,L1:SUS-ETMY_L2_WIT_L_DQ,256,safe,clean,1
547,547,547,L1:SUS-ETMY_L2_WIT_P_DQ,256,safe,clean,1
548,548,548,L1:SUS-ETMY_L2_WIT_Y_DQ,256,safe,clean,1
549,549,549,L1:SUS-ETMY_M0_DAMP_L_IN1_DQ,256,safe,clean,1
550,550,550,L1:SUS-ETMY_M0_DAMP_P_IN1_DQ,256,safe,clean,1
551,551,551,L1:SUS-ETMY_M0_DAMP_R_IN1_DQ,256,safe,clean,1
552,552,552,L1:SUS-ETMY_M0_DAMP_T_IN1_DQ,256,safe,clean,1
553,553,553,L1:SUS-ETMY_M0_DAMP_V_IN1_DQ,256,safe,clean,1
554,554,554,L1:SUS-ETMY_M0_DAMP_Y_IN1_DQ,256,safe,clean,1
555,555,555,L1:SUS-ITMX_L1_WIT_L_DQ,256,safe,clean,1
556,556,556,L1:SUS-ITMX_L1_WIT_P_DQ,256,safe,clean,1
557,557,557,L1:SUS-ITMX_L1_WIT_Y_DQ,256,safe,clean,1
558,558,558,L1:SUS-ITMX_L2_WIT_L_DQ,256,safe,clean,1
559,559,559,L1:SUS-ITMX_L2_WIT_P_DQ,256,safe,clean,1
560,560,560,L1:SUS-ITMX_L2_WIT_Y_DQ,256,safe,clean,1
561,561,561,L1:SUS-ITMX_M0_DAMP_L_IN1_DQ,256,safe,clean,1
562,562,562,L1:SUS-ITMX_M0_DAMP_P_IN1_DQ,256,safe,clean,1
563,563,563,L1:SUS-ITMX_M0_DAMP_R_IN1_DQ,256,safe,clean,1
564,564,564,L1:SUS-ITMX_M0_DAMP_T_IN1_DQ,256,safe,clean,1
565,565,565,L1:SUS-ITMX_M0_DAMP_V_IN1_DQ,256,safe,clean,1
566,566,566,L1:SUS-ITMX_M0_DAMP_Y_IN1_DQ,256,safe,clean,1
567,567,567,L1:SUS-ITMY_L1_WIT_L_DQ,256,safe,clean,1
568,568,568,L1:SUS-ITMY_L1_WIT_P_DQ,256,safe,clean,1
569,569,569,L1:SUS-ITMY_L1_WIT_Y_DQ,256,safe,clean,1
570,570,570,L1:SUS-ITMY_L2_WIT_L_DQ,256,safe,clean,1
571,571,571,L1:SUS-ITMY_L2_WIT_P_DQ,256,safe,clean,1
572,572,572,L1:SUS-ITMY_L2_WIT_Y_DQ,256,safe,clean,1
573,573,573,L1:SUS-ITMY_M0_DAMP_L_IN1_DQ,256,safe,clean,1
574,574,574,L1:SUS-ITMY_M0_DAMP_P_IN1_DQ,256,safe,clean,1
575,575,575,L1:SUS-ITMY_M0_DAMP_R_IN1_DQ,256,safe,clean,1
576,576,576,L1:SUS-ITMY_M0_DAMP_T_IN1_DQ,256,safe,clean,1
577,577,577,L1:SUS-ITMY_M0_DAMP_V_IN1_DQ,256,safe,clean,1
578,578,578,L1:SUS-ITMY_M0_DAMP_Y_IN1_DQ,256,safe,clean,1
579,579,579,L1:SUS-MC1_M1_DAMP_L_IN1_DQ,256,safe,clean,1
580,580,580,L1:SUS-MC1_M1_DAMP_P_IN1_DQ,256,safe,clean,1
581,581,581,L1:SUS-MC1_M1_DAMP_R_IN1_DQ,256,safe,clean,1
582,582,582,L1:SUS-MC1_M1_DAMP_T_IN1_DQ,256,safe,clean,1
583,583,583,L1:SUS-MC1_M1_DAMP_V_IN1_DQ,256,safe,clean,1
584,584,584,L1:SUS-MC1_M1_DAMP_Y_IN1_DQ,256,safe,clean,1
585,585,585,L1:SUS-MC1_M2_WIT_L_DQ,256,safe,clean,1
586,586,586,L1:SUS-MC1_M2_WIT_P_DQ,256,safe,clean,1
587,587,587,L1:SUS-MC1_M2_WIT_Y_DQ,256,safe,clean,1
588,588,588,L1:SUS-MC1_M3_WIT_L_DQ,256,safe,clean,1
589,589,589,L1:SUS-MC1_M3_WIT_P_DQ,256,safe,clean,1
590,590,590,L1:SUS-MC1_M3_WIT_Y_DQ,256,safe,clean,1
591,591,591,L1:SUS-MC2_M1_DAMP_L_IN1_DQ,256,safe,clean,1
592,592,592,L1:SUS-MC2_M1_DAMP_P_IN1_DQ,256,safe,clean,1
593,593,593,L1:SUS-MC2_M1_DAMP_R_IN1_DQ,256,safe,clean,1
594,594,594,L1:SUS-MC2_M1_DAMP_T_IN1_DQ,256,safe,clean,1
595,595,595,L1:SUS-MC2_M1_DAMP_V_IN1_DQ,256,safe,clean,1
596,596,596,L1:SUS-MC2_M1_DAMP_Y_IN1_DQ,256,safe,clean,1
597,597,597,L1:SUS-MC2_M2_WIT_L_DQ,256,safe,clean,1
598,598,598,L1:SUS-MC2_M2_WIT_P_DQ,256,safe,clean,1
599,599,599,L1:SUS-MC2_M2_WIT_Y_DQ,256,safe,clean,1
600,600,600,L1:SUS-MC2_M3_WIT_L_DQ,256,safe,clean,1
601,601,601,L1:SUS-MC2_M3_WIT_P_DQ,256,safe,clean,1
602,602,602,L1:SUS-MC2_M3_WIT_Y_DQ,256,safe,clean,1
603,603,603,L1:SUS-MC3_M1_DAMP_L_IN1_DQ,256,safe,clean,1
604,604,604,L1:SUS-MC3_M1_DAMP_P_IN1_DQ,256,safe,clean,1
605,605,605,L1:SUS-MC3_M1_DAMP_R_IN1_DQ,256,safe,clean,1
606,606,606,L1:SUS-MC3_M1_DAMP_T_IN1_DQ,256,safe,clean,1
607,607,607,L1:SUS-MC3_M1_DAMP_V_IN1_DQ,256,safe,clean,1
608,608,608,L1:SUS-MC3_M1_DAMP_Y_IN1_DQ,256,safe,clean,1
609,609,609,L1:SUS-MC3_M2_WIT_L_DQ,256,safe,clean,1
610,610,610,L1:SUS-MC3_M2_WIT_P_DQ,256,safe,clean,1
611,611,611,L1:SUS-MC3_M2_WIT_Y_DQ,256,safe,clean,1
612,612,612,L1:SUS-MC3_M3_WIT_L_DQ,256,safe,clean,1
613,613,613,L1:SUS-MC3_M3_WIT_P_DQ,256,safe,clean,1
614,614,614,L1:SUS-MC3_M3_WIT_Y_DQ,256,safe,clean,1
615,615,615,L1:SUS-OMC_M1_DAMP_L_IN1_DQ,256,safe,clean,1
616,616,616,L1:SUS-OMC_M1_DAMP_P_IN1_DQ,256,safe,clean,1
617,617,617,L1:SUS-OMC_M1_DAMP_R_IN1_DQ,256,safe,clean,1
618,618,618,L1:SUS-OMC_M1_DAMP_T_IN1_DQ,256,safe,clean,1
619,619,619,L1:SUS-OMC_M1_DAMP_V_IN1_DQ,256,safe,clean,1
620,620,620,L1:SUS-OMC_M1_DAMP_Y_IN1_DQ,256,safe,clean,1
621,621,621,L1:SUS-PR2_M1_DAMP_L_IN1_DQ,256,safe,clean,1
622,622,622,L1:SUS-PR2_M1_DAMP_P_IN1_DQ,256,safe,clean,1
623,623,623,L1:SUS-PR2_M1_DAMP_R_IN1_DQ,256,safe,clean,1
624,624,624,L1:SUS-PR2_M1_DAMP_T_IN1_DQ,256,safe,clean,1
625,625,625,L1:SUS-PR2_M1_DAMP_V_IN1_DQ,256,safe,clean,1
626,626,626,L1:SUS-PR2_M1_DAMP_Y_IN1_DQ,256,safe,clean,1
627,627,627,L1:SUS-PR2_M2_WIT_L_DQ,256,safe,clean,1
628,628,628,L1:SUS-PR2_M2_WIT_P_DQ,256,safe,clean,1
629,629,629,L1:SUS-PR2_M2_WIT_Y_DQ,256,safe,clean,1
630,630,630,L1:SUS-PR2_M3_WIT_L_DQ,256,safe,clean,1
631,631,631,L1:SUS-PR2_M3_WIT_P_DQ,256,safe,clean,1
632,632,632,L1:SUS-PR2_M3_WIT_Y_DQ,256,safe,clean,1
633,633,633,L1:SUS-PR3_M1_DAMP_L_IN1_DQ,256,safe,clean,1
634,634,634,L1:SUS-PR3_M1_DAMP_P_IN1_DQ,256,safe,clean,1
635,635,635,L1:SUS-PR3_M1_DAMP_R_IN1_DQ,256,safe,clean,1
636,636,636,L1:SUS-PR3_M1_DAMP_T_IN1_DQ,256,safe,clean,1
637,637,637,L1:SUS-PR3_M1_DAMP_V_IN1_DQ,256,safe,clean,1
638,638,638,L1:SUS-PR3_M1_DAMP_Y_IN1_DQ,256,safe,clean,1
639,639,639,L1:SUS-PR3_M2_WIT_L_DQ,256,safe,clean,1
640,640,640,L1:SUS-PR3_M2_WIT_P_DQ,256,safe,clean,1
641,641,641,L1:SUS-PR3_M2_WIT_Y_DQ,256,safe,clean,1
642,642,642,L1:SUS-PRM_M1_DAMP_L_IN1_DQ,256,safe,clean,1
643,643,643,L1:SUS-PRM_M1_DAMP_P_IN1_DQ,256,safe,clean,1
644,644,644,L1:SUS-PRM_M1_DAMP_R_IN1_DQ,256,safe,clean,1
645,645,645,L1:SUS-PRM_M1_DAMP_T_IN1_DQ,256,safe,clean,1
646,646,646,L1:SUS-PRM_M1_DAMP_V_IN1_DQ,256,safe,clean,1
647,647,647,L1:SUS-PRM_M1_DAMP_Y_IN1_DQ,256,safe,clean,1
648,648,648,L1:SUS-PRM_M2_WIT_L_DQ,256,safe,clean,1
649,649,649,L1:SUS-PRM_M2_WIT_P_DQ,256,safe,clean,1
650,650,650,L1:SUS-PRM_M2_WIT_Y_DQ,256,safe,clean,1
651,651,651,L1:SUS-PRM_M3_WIT_L_DQ,256,safe,clean,1
652,652,652,L1:SUS-PRM_M3_WIT_P_DQ,256,safe,clean,1
653,653,653,L1:SUS-PRM_M3_WIT_Y_DQ,256,safe,clean,1
654,654,654,L1:SUS-SR2_M1_DAMP_L_IN1_DQ,256,safe,clean,1
655,655,655,L1:SUS-SR2_M1_DAMP_P_IN1_DQ,256,safe,clean,1
656,656,656,L1:SUS-SR2_M1_DAMP_R_IN1_DQ,256,safe,clean,1
657,657,657,L1:SUS-SR2_M1_DAMP_T_IN1_DQ,256,safe,clean,1
658,658,658,L1:SUS-SR2_M1_DAMP_V_IN1_DQ,256,safe,clean,1
659,659,659,L1:SUS-SR2_M1_DAMP_Y_IN1_DQ,256,safe,clean,1
660,660,660,L1:SUS-SR2_M2_WIT_L_DQ,256,safe,clean,1
661,661,661,L1:SUS-SR2_M2_WIT_P_DQ,256,safe,clean,1
662,662,662,L1:SUS-SR2_M2_WIT_Y_DQ,256,safe,clean,1
663,663,663,L1:SUS-SR2_M3_WIT_L_DQ,256,safe,clean,1
664,664,664,L1:SUS-SR2_M3_WIT_P_DQ,256,safe,clean,1
665,665,665,L1:SUS-SR2_M3_WIT_Y_DQ,256,safe,clean,1
666,666,666,L1:SUS-SR3_M1_DAMP_L_IN1_DQ,256,safe,clean,1
667,667,667,L1:SUS-SR3_M1_DAMP_P_IN1_DQ,256,safe,clean,1
668,668,668,L1:SUS-SR3_M1_DAMP_R_IN1_DQ,256,safe,clean,1
669,669,669,L1:SUS-SR3_M1_DAMP_T_IN1_DQ,256,safe,clean,1
670,670,670,L1:SUS-SR3_M1_DAMP_V_IN1_DQ,256,safe,clean,1
671,671,671,L1:SUS-SR3_M1_DAMP_Y_IN1_DQ,256,safe,clean,1
672,672,672,L1:SUS-SR3_M2_WIT_L_DQ,256,safe,clean,1
673,673,673,L1:SUS-SR3_M2_WIT_P_DQ,256,safe,clean,1
674,674,674,L1:SUS-SR3_M2_WIT_Y_DQ,256,safe,clean,1
675,675,675,L1:SUS-SRM_M1_DAMP_L_IN1_DQ,256,safe,clean,1
676,676,676,L1:SUS-SRM_M1_DAMP_P_IN1_DQ,256,safe,clean,1
677,677,677,L1:SUS-SRM_M1_DAMP_R_IN1_DQ,256,safe,clean,1
678,678,678,L1:SUS-SRM_M1_DAMP_T_IN1_DQ,256,safe,clean,1
679,679,679,L1:SUS-SRM_M1_DAMP_V_IN1_DQ,256,safe,clean,1
680,680,680,L1:SUS-SRM_M1_DAMP_Y_IN1_DQ,256,safe,clean,1
681,681,681,L1:SUS-SRM_M2_WIT_L_DQ,256,safe,clean,1
682,682,682,L1:SUS-SRM_M2_WIT_P_DQ,256,safe,clean,1
683,683,683,L1:SUS-SRM_M2_WIT_Y_DQ,256,safe,clean,1
684,684,684,L1:SUS-SRM_M3_WIT_L_DQ,256,safe,clean,1
685,685,685,L1:SUS-SRM_M3_WIT_P_DQ,256,safe,clean,1
686,686,686,L1:SUS-SRM_M3_WIT_Y_DQ,256,safe,clean,1
687,687,687,L1:SUS-OM1_M1_DAMP_L_IN1_DQ,256,safe,clean,1
688,688,688,L1:SUS-OM1_M1_DAMP_P_IN1_DQ,256,safe,clean,1
689,689,689,L1:SUS-OM1_M1_DAMP_Y_IN1_DQ,256,safe,clean,1
690,690,690,L1:SUS-OM2_M1_DAMP_L_IN1_DQ,256,safe,clean,1
691,691,691,L1:SUS-OM2_M1_DAMP_P_IN1_DQ,256,safe,clean,1
692,692,692,L1:SUS-OM2_M1_DAMP_Y_IN1_DQ,256,safe,clean,1
693,693,693,L1:SUS-OM3_M1_DAMP_L_IN1_DQ,256,safe,clean,1
694,694,694,L1:SUS-OM3_M1_DAMP_P_IN1_DQ,256,safe,clean,1
695,695,695,L1:SUS-OM3_M1_DAMP_Y_IN1_DQ,256,safe,clean,1
696,696,696,L1:SUS-RM1_M1_DAMP_L_IN1_DQ,256,safe,clean,1
697,697,697,L1:SUS-RM1_M1_DAMP_P_IN1_DQ,256,safe,clean,1
698,698,698,L1:SUS-RM1_M1_DAMP_Y_IN1_DQ,256,safe,clean,1
699,699,699,L1:SUS-RM2_M1_DAMP_L_IN1_DQ,256,safe,clean,1
700,700,700,L1:SUS-RM2_M1_DAMP_P_IN1_DQ,256,safe,clean,1
701,701,701,L1:SUS-RM2_M1_DAMP_Y_IN1_DQ,256,safe,clean,1
702,702,702,L1:SUS-ZM1_M1_DAMP_L_IN1_DQ,256,safe,clean,1
703,703,703,L1:SUS-ZM1_M1_DAMP_P_IN1_DQ,256,safe,clean,1
704,704,704,L1:SUS-ZM1_M1_DAMP_Y_IN1_DQ,256,safe,clean,1
705,705,705,L1:SUS-ZM2_M1_DAMP_L_IN1_DQ,256,safe,clean,1
706,706,706,L1:SUS-ZM2_M1_DAMP_P_IN1_DQ,256,safe,clean,1
707,707,707,L1:SUS-ZM2_M1_DAMP_Y_IN1_DQ,256,safe,clean,1
708,708,708,L1:SUS-OFI_M1_DAMP_L_IN1_DQ,256,safe,clean,1
709,709,709,L1:SUS-OFI_M1_DAMP_T_IN1_DQ,256,safe,clean,1
710,710,710,L1:SUS-OFI_M1_DAMP_Y_IN1_DQ,256,safe,clean,1
711,711,711,L1:SUS-OPO_M1_DAMP_L_IN1_DQ,256,safe,clean,1
712,712,712,L1:SUS-OPO_M1_DAMP_P_IN1_DQ,256,safe,clean,1
713,713,713,L1:SUS-OPO_M1_DAMP_R_IN1_DQ,256,safe,clean,1
714,714,714,L1:SUS-OPO_M1_DAMP_Y_IN1_DQ,256,safe,clean,1
715,715,715,L1:SUS-TMSX_M1_DAMP_L_IN1_DQ,256,safe,clean,1
716,716,716,L1:SUS-TMSX_M1_DAMP_P_IN1_DQ,256,safe,clean,1
717,717,717,L1:SUS-TMSX_M1_DAMP_R_IN1_DQ,256,safe,clean,1
718,718,718,L1:SUS-TMSX_M1_DAMP_T_IN1_DQ,256,safe,clean,1
719,719,719,L1:SUS-TMSX_M1_DAMP_V_IN1_DQ,256,safe,clean,1
720,720,720,L1:SUS-TMSX_M1_DAMP_Y_IN1_DQ,256,safe,clean,1
721,721,721,L1:SUS-TMSY_M1_DAMP_L_IN1_DQ,256,safe,clean,1
722,722,722,L1:SUS-TMSY_M1_DAMP_P_IN1_DQ,256,safe,clean,1
723,723,723,L1:SUS-TMSY_M1_DAMP_R_IN1_DQ,256,safe,clean,1
724,724,724,L1:SUS-TMSY_M1_DAMP_T_IN1_DQ,256,safe,clean,1
725,725,725,L1:SUS-TMSY_M1_DAMP_V_IN1_DQ,256,safe,clean,1
726,726,726,L1:SUS-TMSY_M1_DAMP_Y_IN1_DQ,256,safe,clean,1
727,727,727,L1:SUS-IM1_M1_DAMP_L_IN1_DQ,256,safe,clean,1
728,728,728,L1:SUS-IM1_M1_DAMP_P_IN1_DQ,256,safe,clean,1
729,729,729,L1:SUS-IM1_M1_DAMP_Y_IN1_DQ,256,safe,clean,1
730,730,730,L1:SUS-IM2_M1_DAMP_L_IN1_DQ,256,safe,clean,1
731,731,731,L1:SUS-IM2_M1_DAMP_P_IN1_DQ,256,safe,clean,1
732,732,732,L1:SUS-IM2_M1_DAMP_Y_IN1_DQ,256,safe,clean,1
733,733,733,L1:SUS-IM3_M1_DAMP_L_IN1_DQ,256,safe,clean,1
734,734,734,L1:SUS-IM3_M1_DAMP_P_IN1_DQ,256,safe,clean,1
735,735,735,L1:SUS-IM3_M1_DAMP_Y_IN1_DQ,256,safe,clean,1
736,736,736,L1:SUS-IM4_M1_DAMP_L_IN1_DQ,256,safe,clean,1
737,737,737,L1:SUS-IM4_M1_DAMP_P_IN1_DQ,256,safe,clean,1
738,738,738,L1:SUS-IM4_M1_DAMP_Y_IN1_DQ,256,safe,clean,1
739,739,739,L1:TCS-ITMX_CO2_ISS_IN_AC_OUT_DQ,2048,safe,clean,32
740,740,740,L1:TCS-ITMX_CO2_ISS_OUT_AC_OUT_DQ,2048,safe,clean,32
741,741,741,L1:TCS-ITMY_CO2_ISS_IN_AC_OUT_DQ,2048,safe,clean,32
742,742,742,L1:TCS-ITMY_CO2_ISS_OUT_AC_OUT_DQ,2048,safe,clean,32
743,743,743,L1:SQZ-CLF_REFL_LF_OUT_DQ,2048,safe,clean,32
744,744,744,L1:SQZ-CLF_REFL_RF6_I_NORM_DQ,16384,safe,clean,64
745,745,745,L1:SQZ-CLF_REFL_RF6_Q_NORM_DQ,2048,safe,clean,32
746,746,746,L1:SQZ-CLF_SERVO_CTRL_OUT_DQ,16384,safe,clean,64
747,747,747,L1:SQZ-CLF_SERVO_ERR_OUT_DQ,16384,safe,clean,64
748,748,748,L1:SQZ-CLF_SERVO_EXC_OUT_DQ,16384,safe,clean,64
749,749,749,L1:SQZ-CLF_SERVO_SLOW_OUT_DQ,2048,safe,clean,32
750,750,750,L1:SQZ-FIBR_EOMRMS_OUT_DQ,2048,safe,clean,32
751,751,751,L1:SQZ-FIBR_MIXER_OUT_DQ,16384,safe,clean,64
752,752,752,L1:SQZ-FIBR_PD_LF_OUT_DQ,2048,safe,clean,32
753,753,753,L1:SQZ-FIBR_PZT_OUT_DQ,16384,safe,clean,64
754,754,754,L1:SQZ-FIBR_SLOW_OUT_DQ,2048,safe,clean,32
755,755,755,L1:SQZ-FIBR_TRANS_LF_OUT_DQ,2048,safe,clean,32
756,756,756,L1:SQZ-HD_A_DC_OUT_DQ,2048,safe,clean,32
757,757,757,L1:SQZ-HD_B_DC_OUT_DQ,2048,safe,clean,32
758,758,758,L1:SQZ-HD_DIFF_DC_OUT_DQ,16384,safe,clean,64
759,759,759,L1:SQZ-HD_DIFF_RF3_I_NORM_DQ,16384,safe,clean,64
760,760,760,L1:SQZ-HD_DIFF_RF3_Q_NORM_DQ,2048,safe,clean,32
761,761,761,L1:SQZ-LASER_IR_LF_OUT_DQ,2048,safe,clean,32
762,762,762,L1:SQZ-LO_SERVO_CTRL_OUT_DQ,16384,safe,clean,64
763,763,763,L1:SQZ-LO_SERVO_ERR_OUT_DQ,16384,safe,clean,64
764,764,764,L1:SQZ-LO_SERVO_EXC_OUT_DQ,16384,safe,clean,64
765,765,765,L1:SQZ-LO_SERVO_SLOW_OUT_DQ,2048,safe,clean,32
766,766,766,L1:SQZ-OMC_TRANS_RF3_I_NORM_DQ,16384,safe,clean,64
767,767,767,L1:SQZ-OMC_TRANS_RF3_Q_NORM_DQ,2048,safe,clean,32
768,768,768,L1:SQZ-OPO_IR_LF_OUT_DQ,2048,safe,clean,32
769,769,769,L1:SQZ-OPO_REFL_LF_OUT_DQ,2048,safe,clean,32
770,770,770,L1:SQZ-OPO_REFL_REJECTED_LF_OUT_DQ,2048,safe,clean,32
771,771,771,L1:SQZ-OPO_REFL_RF80_I_NORM_DQ,16384,safe,clean,64
772,772,772,L1:SQZ-OPO_REFL_RF80_Q_NORM_DQ,2048,safe,clean,32
773,773,773,L1:SQZ-OPO_SERVO_CTRL_OUT_DQ,16384,safe,clean,64
774,774,774,L1:SQZ-OPO_SERVO_ERR_OUT_DQ,16384,safe,clean,64
775,775,775,L1:SQZ-OPO_SERVO_EXC_OUT_DQ,16384,safe,clean,64
776,776,776,L1:SQZ-OPO_SERVO_SLOW_OUT_DQ,2048,safe,clean,32
777,777,777,L1:SQZ-OPO_TRANS_LF_OUT_DQ,2048,safe,clean,32
778,778,778,L1:SQZ-SHG_GR_LF_OUT_DQ,16384,safe,clean,64
779,779,779,L1:SQZ-SHG_SERVO_CTRL_OUT_DQ,16384,safe,clean,64
780,780,780,L1:SQZ-SHG_SERVO_ERR_OUT_DQ,16384,safe,clean,64
781,781,781,L1:SQZ-SHG_SERVO_EXC_OUT_DQ,16384,safe,clean,64
782,782,782,L1:SQZ-SHG_SERVO_SLOW_OUT_DQ,2048,safe,clean,32
783,783,783,L1:SQZ-SHG_TRANS_LF_OUT_DQ,2048,safe,clean,32
784,784,784,L1:SQZ-SHG_TRANS_RF35_I_NORM_DQ,16384,safe,clean,64
785,785,785,L1:SQZ-SHG_TRANS_RF35_Q_NORM_DQ,2048,safe,clean,32
786,786,786,L1:SQZ-SHUTTER_H_TRIGGER_OUT_DQ,2048,safe,clean,32
787,787,787,L1:SQZ-SPARE_B_LF_OUT_DQ,2048,safe,clean,32
788,788,788,L1:SQZ-ASC_ANG_P_OUT_DQ,256,safe,clean,1
789,789,789,L1:SQZ-ASC_ANG_Y_OUT_DQ,256,safe,clean,1
790,790,790,L1:SQZ-ASC_POS_P_OUT_DQ,256,safe,clean,1
791,791,791,L1:SQZ-ASC_POS_Y_OUT_DQ,256,safe,clean,1
